Workbook

Sheet البيانات_الخام
A1: رقم الطلب | B1: التاريخ | C1: المنتج | D1: الفئة | E1: المنطقة | F1: الكمية | G1: سعر الوحدة | H1: الإجمالي
A2: 1116 | B2: 2026-01-01 | C2: قميص رجالي | D2: ملابس | E2: مكة | F2: 1 | G2: 110 | H2: =F2*G2 -> 110
A3: 1152 | B3: 2026-01-05 | C3: كتاب | D3: كتب | E3: الدمام | F3: 2 | G3: 40 | H3: =F3*G3 -> 80
A4: 1214 | B4: 2026-01-07 | C4: سماعات لاسلكية | D4: إلكترونيات | E4: المدينة | F4: 1 | G4: 370 | H4: =F4*G4 -> 370
A5: 1173 | B5: 2026-01-08 | C5: حقيبة ظهر | D5: إكسسوارات | E5: مكة | F5: 1 | G5: 180 | H5: =F5*G5 -> 180
A6: 1091 | B6: 2026-01-10 | C6: فستان نسائي | D6: ملابس | E6: جدة | F6: 2 | G6: 290 | H6: =F6*G6 -> 580
A7: 1099 | B7: 2026-01-10 | C7: حقيبة ظهر | D7: إكسسوارات | E7: مكة | F7: 1 | G7: 180 | H7: =F7*G7 -> 180
A8: 1105 | B8: 2026-01-10 | C8: سماعات لاسلكية | D8: إلكترونيات | E8: الدمام | F8: 2 | G8: 350 | H8: =F8*G8 -> 700
A9: 1216 | B9: 2026-01-11 | C9: لابتوب | D9: إلكترونيات | E9: مكة | F9: 2 | G9: 5810 | H9: =F9*G9 -> 11620
A10: 1108 | B10: 2026-01-12 | C10: كتاب | D10: كتب | E10: المدينة | F10: 2 | G10: 40 | H10: =F10*G10 -> 80
A11: 1068 | B11: 2026-01-15 | C11: هاتف ذكي | D11: إلكترونيات | E11: المدينة | F11: 2 | G11: 3200 | H11: =F11*G11 -> 6400
A12: 1023 | B12: 2026-01-17 | C12: ساعة ذكية | D12: إلكترونيات | E12: الدمام | F12: 2 | G12: 920 | H12: =F12*G12 -> 1840
A13: 1050 | B13: 2026-01-18 | C13: هاتف ذكي | D13: إلكترونيات | E13: المدينة | F13: 1 | G13: 3180 | H13: =F13*G13 -> 3180
... A221: 1166 | B221: 2026-07-30 | C221: حقيبة ظهر | D221: إكسسوارات | E221: الدمام | F221: 1 | G221: 190 | H221: =F221*G221 -> 190

Sheet التحليل
A1: تحليل مبيعات المتجر الإلكتروني — الربع الأول والثاني 2026
A2: البيانات مصدرها بيانات مبيعات داخلية توضيحية (Sample Data) لأغراض التدريب
A4: المبيعات حسب الفئة
A5: الفئة | B5: إجمالي المبيعات (ر.س) | C5: عدد الطلبات
A6: إلكترونيات | B6: =SUMIFS(البيانات_الخام!$H$2:$H$221,البيانات_الخام!$D$2:$D$221,A6) -> 280130 | C6: =COUNTIF(البيانات_الخام!$D$2:$D$221,A6) -> 75
A7: ملابس | B7: =SUMIFS(البيانات_الخام!$H$2:$H$221,البيانات_الخام!$D$2:$D$221,A7) -> 20220 | C7: =COUNTIF(البيانات_الخام!$D$2:$D$221,A7) -> 50
A8: إكسسوارات | B8: =SUMIFS(البيانات_الخام!$H$2:$H$221,البيانات_الخام!$D$2:$D$221,A8) -> 12190 | C8: =COUNTIF(البيانات_الخام!$D$2:$D$221,A8) -> 37
A9: عناية شخصية | B9: =SUMIFS(البيانات_الخام!$H$2:$H$221,البيانات_الخام!$D$2:$D$221,A9) -> 12875 | C9: =COUNTIF(البيانات_الخام!$D$2:$D$221,A9) -> 34
A10: كتب | B10: =SUMIFS(البيانات_الخام!$H$2:$H$221,البيانات_الخام!$D$2:$D$221,A10) -> 2350 | C10: =COUNTIF(البيانات_الخام!$D$2:$D$221,A10) -> 24
A11: الإجمالي | B11: =SUM(B6:B10) -> 327765 | C11: =SUM(C6:C10) -> 220
A13: المبيعات حسب المنطقة
A14: المنطقة | B14: إجمالي المبيعات (ر.س)
A15: الرياض | B15: =SUMIFS(البيانات_الخام!$H$2:$H$221,البيانات_الخام!$E$2:$E$221,A15) -> 68620
A16: جدة | B16: =SUMIFS(البيانات_الخام!$H$2:$H$221,البيانات_الخام!$E$2:$E$221,A16) -> 67255
A17: الدمام | B17: =SUMIFS(البيانات_الخام!$H$2:$H$221,البيانات_الخام!$E$2:$E$221,A17) -> 45610
A18: مكة | B18: =SUMIFS(البيانات_الخام!$H$2:$H$221,البيانات_الخام!$E$2:$E$221,A18) -> 87800
A19: المدينة | B19: =SUMIFS(البيانات_الخام!$H$2:$H$221,البيانات_الخام!$E$2:$E$221,A19) -> 58480
A22: مؤشرات رئيسية (KPIs)
A23: إجمالي الإيرادات | B23: =SUM(البيانات_الخام!$H$2:$H$221) -> 327765
A24: عدد الطلبات | B24: =COUNTA(البيانات_الخام!$A$2:$A$221) -> 220
A25: متوسط قيمة الطلب | B25: =B23/B24 -> 1489.8409
A26: الفئة الأعلى مبيعًا | B26: =INDEX(A6:A10,MATCH(MAX(B6:B10),B6:B10,0)) -> إلكترونيات

Sheet الملخص_والاستنتاجات
A1: الملخص والاستنتاجات
A3: هذا المشروع تدريبي يهدف إلى تطبيق مهارات تحليل البيانات باستخدام Excel على بيانات مبيعات وهمية لمتجر إلكتروني.
A5: أهم الملاحظات:
A6: • تتصدر فئة الإلكترونيات إجمالي المبيعات، تليها الملابس.
A7: • تتوزع المبيعات بشكل متقارب نسبيًا بين المناطق الخمس المشمولة في البيانات.
A8: • متوسط قيمة الطلب يُحسب تلقائيًا في ورقة (التحليل) عبر صيغة ديناميكية تتحدث مع أي تغيير في البيانات الخام.
A10: الأدوات المستخدمة:
A11: • Microsoft Excel (صيغ SUMIFS و COUNTIF و INDEX/MATCH)
A12: • رسوم بيانية (Bar Chart و Pie Chart) لتمثيل النتائج بصريًا
A14: ملاحظة: جميع البيانات في ورقة (البيانات_الخام) بيانات تجريبية تم توليدها لأغراض التدريب فقط، وليست بيانات فعلية.
